subject_ids,taxon,how_many,behaviour,focal_frame_id,focal_frame,BB_list
87250851,,,,focal_frame_-2,PICT2_86A5_2022-07-13_11-22_001.h264_frame13778.jpg,
87250851,,,,focal_frame_-1,PICT2_86A5_2022-07-13_11-22_001.h264_frame13779.jpg,
87250851,,,,focal_frame_0,PICT2_86A5_2022-07-13_11-22_001.h264_frame13780.jpg,
87250851,,,,focal_frame_1,PICT2_86A5_2022-07-13_11-22_001.h264_frame13781.jpg,
87250851,,,,focal_frame_2,PICT2_86A5_2022-07-13_11-22_001.h264_frame13782.jpg,
87250878,,,,focal_frame_-2,PICT2_86A5_2022-07-13_11-22_001.h264_frame4176.jpg,
87250878,,,,focal_frame_-1,PICT2_86A5_2022-07-13_11-22_001.h264_frame4177.jpg,
87250878,,,,focal_frame_0,PICT2_86A5_2022-07-13_11-22_001.h264_frame4178.jpg,
87250878,,,,focal_frame_1,PICT2_86A5_2022-07-13_11-22_001.h264_frame4179.jpg,
87250878,,,,focal_frame_2,PICT2_86A5_2022-07-13_11-22_001.h264_frame4180.jpg,
87250907,CRANEFLY,1,FEEDINGINTHEFLOWER,focal_frame_-2,PICT2_86A5_2022-07-13_11-22_001.h264_frame4059.jpg,"[[651.2833862304688, 365.87274169921875, 700.787109375, 405.0452575683594]]"
87250907,CRANEFLY,1,FEEDINGINTHEFLOWER,focal_frame_-1,PICT2_86A5_2022-07-13_11-22_001.h264_frame4060.jpg,
87250907,CRANEFLY,1,FEEDINGINTHEFLOWER,focal_frame_0,PICT2_86A5_2022-07-13_11-22_001.h264_frame4061.jpg,
87250907,CRANEFLY,1,FEEDINGINTHEFLOWER,focal_frame_1,PICT2_86A5_2022-07-13_11-22_001.h264_frame4062.jpg,
87250907,CRANEFLY,1,FEEDINGINTHEFLOWER,focal_frame_2,PICT2_86A5_2022-07-13_11-22_001.h264_frame4063.jpg,
87251028,CRANEFLY,1,RESTINGNOTFEEDING,focal_frame_-2,PICT2_86A5_2022-07-13_11-22_001.h264_frame3696.jpg,"[[643.8125, 368.75, 714.8125, 419.75]]"
87251028,CRANEFLY,1,RESTINGNOTFEEDING,focal_frame_-1,PICT2_86A5_2022-07-13_11-22_001.h264_frame3697.jpg,
87251028,CRANEFLY,1,RESTINGNOTFEEDING,focal_frame_0,PICT2_86A5_2022-07-13_11-22_001.h264_frame3698.jpg,
87251028,CRANEFLY,1,RESTINGNOTFEEDING,focal_frame_1,PICT2_86A5_2022-07-13_11-22_001.h264_frame3699.jpg,
87251028,CRANEFLY,1,RESTINGNOTFEEDING,focal_frame_2,PICT2_86A5_2022-07-13_11-22_001.h264_frame3700.jpg,
87251041,,,,focal_frame_-2,PICT2_86A5_2022-07-13_11-22_001.h264_frame3569.jpg,
87251041,,,,focal_frame_-1,PICT2_86A5_2022-07-13_11-22_001.h264_frame3570.jpg,
87251041,,,,focal_frame_0,PICT2_86A5_2022-07-13_11-22_001.h264_frame3571.jpg,
87251041,,,,focal_frame_1,PICT2_86A5_2022-07-13_11-22_001.h264_frame3572.jpg,
87251041,,,,focal_frame_2,PICT2_86A5_2022-07-13_11-22_001.h264_frame3573.jpg,
87662778,,,,focal_frame_-2,PICT2_8995_2022-07-07_09-00_007.h264_frame10436.jpg,
87662778,,,,focal_frame_-1,PICT2_8995_2022-07-07_09-00_007.h264_frame10437.jpg,
87662778,,,,focal_frame_0,PICT2_8995_2022-07-07_09-00_007.h264_frame10438.jpg,
87662778,,,,focal_frame_1,PICT2_8995_2022-07-07_09-00_007.h264_frame10439.jpg,
87662778,,,,focal_frame_2,PICT2_8995_2022-07-07_09-00_007.h264_frame10440.jpg,
87662922,,,,focal_frame_-2,PICT2_8995_2022-07-07_09-00_007.h264_frame11667.jpg,
87662922,,,,focal_frame_-1,PICT2_8995_2022-07-07_09-00_007.h264_frame11668.jpg,
87662922,,,,focal_frame_0,PICT2_8995_2022-07-07_09-00_007.h264_frame11669.jpg,
87662922,,,,focal_frame_1,PICT2_8995_2022-07-07_09-00_007.h264_frame11670.jpg,
87662922,,,,focal_frame_2,PICT2_8995_2022-07-07_09-00_007.h264_frame11671.jpg,
87663459,,,,focal_frame_-2,PICT10_1ED7_2022-07-21_10-59_001.h264_frame1941.jpg,
87663459,,,,focal_frame_-1,PICT10_1ED7_2022-07-21_10-59_001.h264_frame1942.jpg,
87663459,,,,focal_frame_0,PICT10_1ED7_2022-07-21_10-59_001.h264_frame1943.jpg,
87663459,,,,focal_frame_1,PICT10_1ED7_2022-07-21_10-59_001.h264_frame1944.jpg,
87663459,,,,focal_frame_2,PICT10_1ED7_2022-07-21_10-59_001.h264_frame1945.jpg,
87663482,,,,focal_frame_-2,PICT10_1ED7_2022-07-21_10-59_001.h264_frame1921.jpg,
87663482,,,,focal_frame_-1,PICT10_1ED7_2022-07-21_10-59_001.h264_frame1922.jpg,
87663482,,,,focal_frame_0,PICT10_1ED7_2022-07-21_10-59_001.h264_frame1923.jpg,
87663482,,,,focal_frame_1,PICT10_1ED7_2022-07-21_10-59_001.h264_frame1924.jpg,
87663482,,,,focal_frame_2,PICT10_1ED7_2022-07-21_10-59_001.h264_frame1925.jpg,
87663541,,,,focal_frame_-2,PICT10_1ED7_2022-07-21_10-59_001.h264_frame4901.jpg,
87663541,,,,focal_frame_-1,PICT10_1ED7_2022-07-21_10-59_001.h264_frame4902.jpg,
87663541,,,,focal_frame_0,PICT10_1ED7_2022-07-21_10-59_001.h264_frame4903.jpg,
87663541,,,,focal_frame_1,PICT10_1ED7_2022-07-21_10-59_001.h264_frame4904.jpg,
87663541,,,,focal_frame_2,PICT10_1ED7_2022-07-21_10-59_001.h264_frame4905.jpg,
87663572,,,,focal_frame_-2,PICT10_1ED7_2022-07-21_10-59_001.h264_frame4167.jpg,
87663572,,,,focal_frame_-1,PICT10_1ED7_2022-07-21_10-59_001.h264_frame4168.jpg,
87663572,,,,focal_frame_0,PICT10_1ED7_2022-07-21_10-59_001.h264_frame4169.jpg,
87663572,,,,focal_frame_1,PICT10_1ED7_2022-07-21_10-59_001.h264_frame4170.jpg,
87663572,,,,focal_frame_2,PICT10_1ED7_2022-07-21_10-59_001.h264_frame4171.jpg,
87663576,,,,focal_frame_-2,PICT10_1ED7_2022-07-21_10-59_001.h264_frame3212.jpg,
87663576,,,,focal_frame_-1,PICT10_1ED7_2022-07-21_10-59_001.h264_frame3213.jpg,
87663576,,,,focal_frame_0,PICT10_1ED7_2022-07-21_10-59_001.h264_frame3214.jpg,
87663576,,,,focal_frame_1,PICT10_1ED7_2022-07-21_10-59_001.h264_frame3215.jpg,
87663576,,,,focal_frame_2,PICT10_1ED7_2022-07-21_10-59_001.h264_frame3216.jpg,
87663583,,,,focal_frame_-2,PICT10_1ED7_2022-07-21_10-59_001.h264_frame2353.jpg,
87663583,,,,focal_frame_-1,PICT10_1ED7_2022-07-21_10-59_001.h264_frame2354.jpg,
87663583,,,,focal_frame_0,PICT10_1ED7_2022-07-21_10-59_001.h264_frame2355.jpg,
87663583,,,,focal_frame_1,PICT10_1ED7_2022-07-21_10-59_001.h264_frame2356.jpg,
87663583,,,,focal_frame_2,PICT10_1ED7_2022-07-21_10-59_001.h264_frame2357.jpg,
87663594,,,,focal_frame_-2,PICT10_1ED7_2022-07-21_10-59_001.h264_frame12485.jpg,
87663594,,,,focal_frame_-1,PICT10_1ED7_2022-07-21_10-59_001.h264_frame12486.jpg,
87663594,,,,focal_frame_0,PICT10_1ED7_2022-07-21_10-59_001.h264_frame12487.jpg,
87663594,,,,focal_frame_1,PICT10_1ED7_2022-07-21_10-59_001.h264_frame12488.jpg,
87663594,,,,focal_frame_2,PICT10_1ED7_2022-07-21_10-59_001.h264_frame12489.jpg,
87663733,,,,focal_frame_-2,PICT10_32AD_2022-07-08_06-00_013.h264_frame15660.jpg,
87663733,,,,focal_frame_-1,PICT10_32AD_2022-07-08_06-00_013.h264_frame15661.jpg,
87663733,,,,focal_frame_0,PICT10_32AD_2022-07-08_06-00_013.h264_frame15662.jpg,
87663733,,,,focal_frame_1,PICT10_32AD_2022-07-08_06-00_013.h264_frame15663.jpg,
87663733,,,,focal_frame_2,PICT10_32AD_2022-07-08_06-00_013.h264_frame15664.jpg,
87663793,,,,focal_frame_-2,PICT10_32AD_2022-07-08_06-00_013.h264_frame12724.jpg,
87663793,,,,focal_frame_-1,PICT10_32AD_2022-07-08_06-00_013.h264_frame12725.jpg,
87663793,,,,focal_frame_0,PICT10_32AD_2022-07-08_06-00_013.h264_frame12726.jpg,
87663793,,,,focal_frame_1,PICT10_32AD_2022-07-08_06-00_013.h264_frame12727.jpg,
87663793,,,,focal_frame_2,PICT10_32AD_2022-07-08_06-00_013.h264_frame12728.jpg,
87663809,,,,focal_frame_-2,PICT10_32AD_2022-07-08_06-00_013.h264_frame533.jpg,
87663809,,,,focal_frame_-1,PICT10_32AD_2022-07-08_06-00_013.h264_frame534.jpg,
87663809,,,,focal_frame_0,PICT10_32AD_2022-07-08_06-00_013.h264_frame535.jpg,
87663809,,,,focal_frame_1,PICT10_32AD_2022-07-08_06-00_013.h264_frame536.jpg,
87663809,,,,focal_frame_2,PICT10_32AD_2022-07-08_06-00_013.h264_frame537.jpg,
87663842,,,,focal_frame_-2,PICT11_3164_2022-07-13_10-40_001.h264_frame15868.jpg,
87663842,,,,focal_frame_-1,PICT11_3164_2022-07-13_10-40_001.h264_frame15869.jpg,
87663842,,,,focal_frame_0,PICT11_3164_2022-07-13_10-40_001.h264_frame15870.jpg,
87663842,,,,focal_frame_1,PICT11_3164_2022-07-13_10-40_001.h264_frame15871.jpg,
87663842,,,,focal_frame_2,PICT11_3164_2022-07-13_10-40_001.h264_frame15872.jpg,
87663861,,,,focal_frame_-2,PICT11_3164_2022-07-13_10-40_001.h264_frame16023.jpg,
87663861,,,,focal_frame_-1,PICT11_3164_2022-07-13_10-40_001.h264_frame16024.jpg,
87663861,,,,focal_frame_0,PICT11_3164_2022-07-13_10-40_001.h264_frame16025.jpg,
87663861,,,,focal_frame_1,PICT11_3164_2022-07-13_10-40_001.h264_frame16026.jpg,
87663861,,,,focal_frame_2,PICT11_3164_2022-07-13_10-40_001.h264_frame16027.jpg,
87663901,,,,focal_frame_-2,PICT11_3164_2022-07-13_10-40_001.h264_frame14081.jpg,
87663901,,,,focal_frame_-1,PICT11_3164_2022-07-13_10-40_001.h264_frame14082.jpg,
87663901,,,,focal_frame_0,PICT11_3164_2022-07-13_10-40_001.h264_frame14083.jpg,
87663901,,,,focal_frame_1,PICT11_3164_2022-07-13_10-40_001.h264_frame14084.jpg,
87663901,,,,focal_frame_2,PICT11_3164_2022-07-13_10-40_001.h264_frame14085.jpg,
87663943,,,,focal_frame_-2,PICT11_3164_2022-07-13_10-40_001.h264_frame12297.jpg,
87663943,,,,focal_frame_-1,PICT11_3164_2022-07-13_10-40_001.h264_frame12298.jpg,
87663943,,,,focal_frame_0,PICT11_3164_2022-07-13_10-40_001.h264_frame12299.jpg,
87663943,,,,focal_frame_1,PICT11_3164_2022-07-13_10-40_001.h264_frame12300.jpg,
87663943,,,,focal_frame_2,PICT11_3164_2022-07-13_10-40_001.h264_frame12301.jpg,
87663970,,,,focal_frame_-2,PICT11_3164_2022-07-13_10-40_001.h264_frame14853.jpg,
87663970,,,,focal_frame_-1,PICT11_3164_2022-07-13_10-40_001.h264_frame14854.jpg,
87663970,,,,focal_frame_0,PICT11_3164_2022-07-13_10-40_001.h264_frame14855.jpg,
87663970,,,,focal_frame_1,PICT11_3164_2022-07-13_10-40_001.h264_frame14856.jpg,
87663970,,,,focal_frame_2,PICT11_3164_2022-07-13_10-40_001.h264_frame14857.jpg,
87663988,,,,focal_frame_-2,PICT11_3164_2022-07-13_10-40_001.h264_frame11662.jpg,
87663988,,,,focal_frame_-1,PICT11_3164_2022-07-13_10-40_001.h264_frame11663.jpg,
87663988,,,,focal_frame_0,PICT11_3164_2022-07-13_10-40_001.h264_frame11664.jpg,
87663988,,,,focal_frame_1,PICT11_3164_2022-07-13_10-40_001.h264_frame11665.jpg,
87663988,,,,focal_frame_2,PICT11_3164_2022-07-13_10-40_001.h264_frame11666.jpg,
87664028,,,,focal_frame_-2,PICT11_3164_2022-07-13_10-40_001.h264_frame14348.jpg,
87664028,,,,focal_frame_-1,PICT11_3164_2022-07-13_10-40_001.h264_frame14349.jpg,
87664028,,,,focal_frame_0,PICT11_3164_2022-07-13_10-40_001.h264_frame14350.jpg,
87664028,,,,focal_frame_1,PICT11_3164_2022-07-13_10-40_001.h264_frame14351.jpg,
87664028,,,,focal_frame_2,PICT11_3164_2022-07-13_10-40_001.h264_frame14352.jpg,
87664044,,,,focal_frame_-2,PICT11_EF8B_2022-07-06_06-00_012.h264_frame2237.jpg,
87664044,,,,focal_frame_-1,PICT11_EF8B_2022-07-06_06-00_012.h264_frame2238.jpg,
87664044,,,,focal_frame_0,PICT11_EF8B_2022-07-06_06-00_012.h264_frame2239.jpg,
87664044,,,,focal_frame_1,PICT11_EF8B_2022-07-06_06-00_012.h264_frame2240.jpg,
87664044,,,,focal_frame_2,PICT11_EF8B_2022-07-06_06-00_012.h264_frame2241.jpg,
87664089,,,,focal_frame_-2,PICT11_EF8B_2022-07-06_06-00_012.h264_frame2216.jpg,
87664089,,,,focal_frame_-1,PICT11_EF8B_2022-07-06_06-00_012.h264_frame2217.jpg,
87664089,,,,focal_frame_0,PICT11_EF8B_2022-07-06_06-00_012.h264_frame2218.jpg,
87664089,,,,focal_frame_1,PICT11_EF8B_2022-07-06_06-00_012.h264_frame2219.jpg,
87664089,,,,focal_frame_2,PICT11_EF8B_2022-07-06_06-00_012.h264_frame2220.jpg,
87664414,,,,focal_frame_-2,PICT11_EF8B_2022-07-06_06-00_013.h264_frame3812.jpg,
87664414,,,,focal_frame_-1,PICT11_EF8B_2022-07-06_06-00_013.h264_frame3813.jpg,
87664414,,,,focal_frame_0,PICT11_EF8B_2022-07-06_06-00_013.h264_frame3814.jpg,
87664414,,,,focal_frame_1,PICT11_EF8B_2022-07-06_06-00_013.h264_frame3815.jpg,
87664414,,,,focal_frame_2,PICT11_EF8B_2022-07-06_06-00_013.h264_frame3816.jpg,
87664433,,,,focal_frame_-2,PICT11_EF8B_2022-07-06_06-00_013.h264_frame6449.jpg,
87664433,,,,focal_frame_-1,PICT11_EF8B_2022-07-06_06-00_013.h264_frame6450.jpg,
87664433,,,,focal_frame_0,PICT11_EF8B_2022-07-06_06-00_013.h264_frame6451.jpg,
87664433,,,,focal_frame_1,PICT11_EF8B_2022-07-06_06-00_013.h264_frame6452.jpg,
87664433,,,,focal_frame_2,PICT11_EF8B_2022-07-06_06-00_013.h264_frame6453.jpg,
87664460,,,,focal_frame_-2,PICT12_1080_2022-07-13_06-00_007.h264_frame16409.jpg,
87664460,,,,focal_frame_-1,PICT12_1080_2022-07-13_06-00_007.h264_frame16410.jpg,
87664460,,,,focal_frame_0,PICT12_1080_2022-07-13_06-00_007.h264_frame16411.jpg,
87664460,,,,focal_frame_1,PICT12_1080_2022-07-13_06-00_007.h264_frame16412.jpg,
87664460,,,,focal_frame_2,PICT12_1080_2022-07-13_06-00_007.h264_frame16413.jpg,
87664476,,,,focal_frame_-2,PICT12_1080_2022-07-13_06-00_007.h264_frame15854.jpg,
87664476,,,,focal_frame_-1,PICT12_1080_2022-07-13_06-00_007.h264_frame15855.jpg,
87664476,,,,focal_frame_0,PICT12_1080_2022-07-13_06-00_007.h264_frame15856.jpg,
87664476,,,,focal_frame_1,PICT12_1080_2022-07-13_06-00_007.h264_frame15857.jpg,
87664476,,,,focal_frame_2,PICT12_1080_2022-07-13_06-00_007.h264_frame15858.jpg,
87664535,,,,focal_frame_-2,PICT12_1080_2022-07-13_06-00_007.h264_frame1885.jpg,
87664535,,,,focal_frame_-1,PICT12_1080_2022-07-13_06-00_007.h264_frame1886.jpg,
87664535,,,,focal_frame_0,PICT12_1080_2022-07-13_06-00_007.h264_frame1887.jpg,
87664535,,,,focal_frame_1,PICT12_1080_2022-07-13_06-00_007.h264_frame1888.jpg,
87664535,,,,focal_frame_2,PICT12_1080_2022-07-13_06-00_007.h264_frame1889.jpg,
87664618,,,,focal_frame_-2,PICT12_1080_2022-07-13_06-00_007.h264_frame16024.jpg,
87664618,,,,focal_frame_-1,PICT12_1080_2022-07-13_06-00_007.h264_frame16025.jpg,
87664618,,,,focal_frame_0,PICT12_1080_2022-07-13_06-00_007.h264_frame16026.jpg,
87664618,,,,focal_frame_1,PICT12_1080_2022-07-13_06-00_007.h264_frame16027.jpg,
87664618,,,,focal_frame_2,PICT12_1080_2022-07-13_06-00_007.h264_frame16028.jpg,
87664634,BUTTERFLY,1,RESTINGNOTFEEDING,focal_frame_-2,PICT12_1080_2022-07-13_06-00_007.h264_frame15539.jpg,
87664634,BUTTERFLY,1,RESTINGNOTFEEDING,focal_frame_-1,PICT12_1080_2022-07-13_06-00_007.h264_frame15540.jpg,
87664634,BUTTERFLY,1,RESTINGNOTFEEDING,focal_frame_0,PICT12_1080_2022-07-13_06-00_007.h264_frame15541.jpg,
87664634,BUTTERFLY,1,RESTINGNOTFEEDING,focal_frame_1,PICT12_1080_2022-07-13_06-00_007.h264_frame15542.jpg,
87664634,BUTTERFLY,1,RESTINGNOTFEEDING,focal_frame_2,PICT12_1080_2022-07-13_06-00_007.h264_frame15543.jpg,"[[101.91239929199219, 165.74237060546875, 216.87820434570312, 292.20477294921875]]"
87664659,,,,focal_frame_-2,PICT3_6804_2022-07-13_06-00_006.h264_frame8518.jpg,
87664659,,,,focal_frame_-1,PICT3_6804_2022-07-13_06-00_006.h264_frame8519.jpg,
87664659,,,,focal_frame_0,PICT3_6804_2022-07-13_06-00_006.h264_frame8520.jpg,
87664659,,,,focal_frame_1,PICT3_6804_2022-07-13_06-00_006.h264_frame8521.jpg,
87664659,,,,focal_frame_2,PICT3_6804_2022-07-13_06-00_006.h264_frame8522.jpg,
87664661,,,,focal_frame_-2,PICT3_6804_2022-07-13_06-00_006.h264_frame15999.jpg,
87664661,,,,focal_frame_-1,PICT3_6804_2022-07-13_06-00_006.h264_frame16000.jpg,
87664661,,,,focal_frame_0,PICT3_6804_2022-07-13_06-00_006.h264_frame16001.jpg,
87664661,,,,focal_frame_1,PICT3_6804_2022-07-13_06-00_006.h264_frame16002.jpg,
87664661,,,,focal_frame_2,PICT3_6804_2022-07-13_06-00_006.h264_frame16003.jpg,
87664906,,,,focal_frame_-2,PICT3_7F89_2022-07-06_06-00_006.h264_frame11147.jpg,
87664906,,,,focal_frame_-1,PICT3_7F89_2022-07-06_06-00_006.h264_frame11148.jpg,
87664906,,,,focal_frame_0,PICT3_7F89_2022-07-06_06-00_006.h264_frame11149.jpg,
87664906,,,,focal_frame_1,PICT3_7F89_2022-07-06_06-00_006.h264_frame11150.jpg,
87664906,,,,focal_frame_2,PICT3_7F89_2022-07-06_06-00_006.h264_frame11151.jpg,
87665023,,,,focal_frame_-2,PICT3_7F89_2022-07-06_06-00_006.h264_frame11200.jpg,
87665023,,,,focal_frame_-1,PICT3_7F89_2022-07-06_06-00_006.h264_frame11201.jpg,
87665023,,,,focal_frame_0,PICT3_7F89_2022-07-06_06-00_006.h264_frame11202.jpg,
87665023,,,,focal_frame_1,PICT3_7F89_2022-07-06_06-00_006.h264_frame11203.jpg,
87665023,,,,focal_frame_2,PICT3_7F89_2022-07-06_06-00_006.h264_frame11204.jpg,
87665040,CRANEFLY,1,RESTINGNOTFEEDING,focal_frame_-2,PICT3_7F89_2022-07-06_06-00_006.h264_frame9925.jpg,"[[251.36795043945312, 146.58140563964844, 305.0186767578125, 253.88282775878906], [216.87820434570312, 131.2526397705078, 282.0255126953125, 165.74237060546875]]"
87665040,CRANEFLY,1,RESTINGNOTFEEDING,focal_frame_-1,PICT3_7F89_2022-07-06_06-00_006.h264_frame9926.jpg,
87665040,CRANEFLY,1,RESTINGNOTFEEDING,focal_frame_0,PICT3_7F89_2022-07-06_06-00_006.h264_frame9927.jpg,"[[232.2069854736328, 158.07798767089844, 347.17279052734375, 227.05747985839844]]"
87665040,CRANEFLY,1,RESTINGNOTFEEDING,focal_frame_1,PICT3_7F89_2022-07-06_06-00_006.h264_frame9928.jpg,"[[216.87820434570312, 158.07798767089844, 347.17279052734375, 238.55406188964844]]"
87665040,CRANEFLY,1,RESTINGNOTFEEDING,focal_frame_2,PICT3_7F89_2022-07-06_06-00_006.h264_frame9929.jpg,
87665088,,,,focal_frame_-2,PICT3_7F89_2022-07-06_06-00_007.h264_frame9937.jpg,
87665088,,,,focal_frame_-1,PICT3_7F89_2022-07-06_06-00_007.h264_frame9938.jpg,
87665088,,,,focal_frame_0,PICT3_7F89_2022-07-06_06-00_007.h264_frame9939.jpg,
87665088,,,,focal_frame_1,PICT3_7F89_2022-07-06_06-00_007.h264_frame9940.jpg,
87665088,,,,focal_frame_2,PICT3_7F89_2022-07-06_06-00_007.h264_frame9941.jpg,
87665090,,,,focal_frame_-2,PICT3_7F89_2022-07-06_06-00_007.h264_frame9016.jpg,
87665090,,,,focal_frame_-1,PICT3_7F89_2022-07-06_06-00_007.h264_frame9017.jpg,
87665090,,,,focal_frame_0,PICT3_7F89_2022-07-06_06-00_007.h264_frame9018.jpg,
87665090,,,,focal_frame_1,PICT3_7F89_2022-07-06_06-00_007.h264_frame9019.jpg,
87665090,,,,focal_frame_2,PICT3_7F89_2022-07-06_06-00_007.h264_frame9020.jpg,
87665107,,,,focal_frame_-2,PICT3_7F89_2022-07-06_06-00_007.h264_frame9927.jpg,
87665107,,,,focal_frame_-1,PICT3_7F89_2022-07-06_06-00_007.h264_frame9928.jpg,
87665107,,,,focal_frame_0,PICT3_7F89_2022-07-06_06-00_007.h264_frame9929.jpg,
87665107,,,,focal_frame_1,PICT3_7F89_2022-07-06_06-00_007.h264_frame9930.jpg,
87665107,,,,focal_frame_2,PICT3_7F89_2022-07-06_06-00_007.h264_frame9931.jpg,
87665112,,,,focal_frame_-2,PICT3_7F89_2022-07-06_06-00_007.h264_frame17297.jpg,
87665112,,,,focal_frame_-1,PICT3_7F89_2022-07-06_06-00_007.h264_frame17298.jpg,
87665112,,,,focal_frame_0,PICT3_7F89_2022-07-06_06-00_007.h264_frame17299.jpg,
87665112,,,,focal_frame_1,PICT3_7F89_2022-07-06_06-00_007.h264_frame17300.jpg,
87665112,,,,focal_frame_2,PICT3_7F89_2022-07-06_06-00_007.h264_frame17301.jpg,
87665267,OTHERBEELARGE,1,FEEDINGINTHEFLOWER,focal_frame_-2,PICT3_7F89_2022-07-06_06-00_007.h264_frame11139.jpg,"[[418.59735107421875, 205.290771484375, 451.0767517089844, 232.68643188476562]]"
87665267,OTHERBEELARGE,1,FEEDINGINTHEFLOWER,focal_frame_-1,PICT3_7F89_2022-07-06_06-00_007.h264_frame11140.jpg,
87665267,OTHERBEELARGE,1,FEEDINGINTHEFLOWER,focal_frame_0,PICT3_7F89_2022-07-06_06-00_007.h264_frame11141.jpg,
87665267,OTHERBEELARGE,1,FEEDINGINTHEFLOWER,focal_frame_1,PICT3_7F89_2022-07-06_06-00_007.h264_frame11142.jpg,
87665267,OTHERBEELARGE,1,FEEDINGINTHEFLOWER,focal_frame_2,PICT3_7F89_2022-07-06_06-00_007.h264_frame11143.jpg,
87665301,,,,focal_frame_-2,PICT4_D6A8_2022-07-13_06-00_008.h264_frame3989.jpg,
87665301,,,,focal_frame_-1,PICT4_D6A8_2022-07-13_06-00_008.h264_frame3990.jpg,
87665301,,,,focal_frame_0,PICT4_D6A8_2022-07-13_06-00_008.h264_frame3991.jpg,
87665301,,,,focal_frame_1,PICT4_D6A8_2022-07-13_06-00_008.h264_frame3992.jpg,
87665301,,,,focal_frame_2,PICT4_D6A8_2022-07-13_06-00_008.h264_frame3993.jpg,
87665346,,,,focal_frame_-2,PICT4_D6A8_2022-07-13_06-00_008.h264_frame11832.jpg,
87665346,,,,focal_frame_-1,PICT4_D6A8_2022-07-13_06-00_008.h264_frame11833.jpg,
87665346,,,,focal_frame_0,PICT4_D6A8_2022-07-13_06-00_008.h264_frame11834.jpg,
87665346,,,,focal_frame_1,PICT4_D6A8_2022-07-13_06-00_008.h264_frame11835.jpg,
87665346,,,,focal_frame_2,PICT4_D6A8_2022-07-13_06-00_008.h264_frame11836.jpg,
87665382,,,,focal_frame_-2,PICT4_D6A8_2022-07-13_06-00_008.h264_frame1785.jpg,
87665382,,,,focal_frame_-1,PICT4_D6A8_2022-07-13_06-00_008.h264_frame1786.jpg,
87665382,,,,focal_frame_0,PICT4_D6A8_2022-07-13_06-00_008.h264_frame1787.jpg,
87665382,,,,focal_frame_1,PICT4_D6A8_2022-07-13_06-00_008.h264_frame1788.jpg,
87665382,,,,focal_frame_2,PICT4_D6A8_2022-07-13_06-00_008.h264_frame1789.jpg,
87665624,,,,focal_frame_-2,PICT4_D6A8_2022-07-13_06-00_009.h264_frame6280.jpg,
87665624,,,,focal_frame_-1,PICT4_D6A8_2022-07-13_06-00_009.h264_frame6281.jpg,
87665624,,,,focal_frame_0,PICT4_D6A8_2022-07-13_06-00_009.h264_frame6282.jpg,
87665624,,,,focal_frame_1,PICT4_D6A8_2022-07-13_06-00_009.h264_frame6283.jpg,
87665624,,,,focal_frame_2,PICT4_D6A8_2022-07-13_06-00_009.h264_frame6284.jpg,
87665688,,,,focal_frame_-2,PICT4_D6A8_2022-07-13_06-00_009.h264_frame3869.jpg,
87665688,,,,focal_frame_-1,PICT4_D6A8_2022-07-13_06-00_009.h264_frame3870.jpg,
87665688,,,,focal_frame_0,PICT4_D6A8_2022-07-13_06-00_009.h264_frame3871.jpg,
87665688,,,,focal_frame_1,PICT4_D6A8_2022-07-13_06-00_009.h264_frame3872.jpg,
87665688,,,,focal_frame_2,PICT4_D6A8_2022-07-13_06-00_009.h264_frame3873.jpg,
87665690,,,,focal_frame_-2,PICT4_D6A8_2022-07-13_06-00_009.h264_frame2017.jpg,
87665690,,,,focal_frame_-1,PICT4_D6A8_2022-07-13_06-00_009.h264_frame2018.jpg,
87665690,,,,focal_frame_0,PICT4_D6A8_2022-07-13_06-00_009.h264_frame2019.jpg,
87665690,,,,focal_frame_1,PICT4_D6A8_2022-07-13_06-00_009.h264_frame2020.jpg,
87665690,,,,focal_frame_2,PICT4_D6A8_2022-07-13_06-00_009.h264_frame2021.jpg,
87665706,,,,focal_frame_-2,PICT4_D6A8_2022-07-13_06-00_009.h264_frame1869.jpg,
87665706,,,,focal_frame_-1,PICT4_D6A8_2022-07-13_06-00_009.h264_frame1870.jpg,
87665706,,,,focal_frame_0,PICT4_D6A8_2022-07-13_06-00_009.h264_frame1871.jpg,
87665706,,,,focal_frame_1,PICT4_D6A8_2022-07-13_06-00_009.h264_frame1872.jpg,
87665706,,,,focal_frame_2,PICT4_D6A8_2022-07-13_06-00_009.h264_frame1873.jpg,
87665763,,,,focal_frame_-2,PICT5_5C15_2022-06-20_10-11_001.h264_frame6301.jpg,
87665763,,,,focal_frame_-1,PICT5_5C15_2022-06-20_10-11_001.h264_frame6302.jpg,
87665763,,,,focal_frame_0,PICT5_5C15_2022-06-20_10-11_001.h264_frame6303.jpg,
87665763,,,,focal_frame_1,PICT5_5C15_2022-06-20_10-11_001.h264_frame6304.jpg,
87665763,,,,focal_frame_2,PICT5_5C15_2022-06-20_10-11_001.h264_frame6305.jpg,
87665799,,,,focal_frame_-2,PICT5_5C15_2022-06-20_10-11_001.h264_frame1549.jpg,
87665799,,,,focal_frame_-1,PICT5_5C15_2022-06-20_10-11_001.h264_frame1550.jpg,
87665799,,,,focal_frame_0,PICT5_5C15_2022-06-20_10-11_001.h264_frame1551.jpg,
87665799,,,,focal_frame_1,PICT5_5C15_2022-06-20_10-11_001.h264_frame1552.jpg,
87665799,,,,focal_frame_2,PICT5_5C15_2022-06-20_10-11_001.h264_frame1553.jpg,
87665959,,,,focal_frame_-2,PICT5_5C15_2022-06-20_10-11_001.h264_frame3470.jpg,
87665959,,,,focal_frame_-1,PICT5_5C15_2022-06-20_10-11_001.h264_frame3471.jpg,
87665959,,,,focal_frame_0,PICT5_5C15_2022-06-20_10-11_001.h264_frame3472.jpg,
87665959,,,,focal_frame_1,PICT5_5C15_2022-06-20_10-11_001.h264_frame3473.jpg,
87665959,,,,focal_frame_2,PICT5_5C15_2022-06-20_10-11_001.h264_frame3474.jpg,
87666073,,,,focal_frame_-2,PICT6_8BF4_2022-06-21_11-39_007.h264_frame1355.jpg,
87666073,,,,focal_frame_-1,PICT6_8BF4_2022-06-21_11-39_007.h264_frame1356.jpg,
87666073,,,,focal_frame_0,PICT6_8BF4_2022-06-21_11-39_007.h264_frame1357.jpg,
87666073,,,,focal_frame_1,PICT6_8BF4_2022-06-21_11-39_007.h264_frame1358.jpg,
87666073,,,,focal_frame_2,PICT6_8BF4_2022-06-21_11-39_007.h264_frame1359.jpg,
87666075,,,,focal_frame_-2,PICT6_8BF4_2022-06-21_11-39_007.h264_frame4973.jpg,
87666075,,,,focal_frame_-1,PICT6_8BF4_2022-06-21_11-39_007.h264_frame4974.jpg,
87666075,,,,focal_frame_0,PICT6_8BF4_2022-06-21_11-39_007.h264_frame4975.jpg,
87666075,,,,focal_frame_1,PICT6_8BF4_2022-06-21_11-39_007.h264_frame4976.jpg,
87666075,,,,focal_frame_2,PICT6_8BF4_2022-06-21_11-39_007.h264_frame4977.jpg,
87666145,,,,focal_frame_-2,PICT6_8BF4_2022-06-21_11-39_007.h264_frame3438.jpg,
87666145,,,,focal_frame_-1,PICT6_8BF4_2022-06-21_11-39_007.h264_frame3439.jpg,
87666145,,,,focal_frame_0,PICT6_8BF4_2022-06-21_11-39_007.h264_frame3440.jpg,
87666145,,,,focal_frame_1,PICT6_8BF4_2022-06-21_11-39_007.h264_frame3441.jpg,
87666145,,,,focal_frame_2,PICT6_8BF4_2022-06-21_11-39_007.h264_frame3442.jpg,
87666184,,,,focal_frame_-2,PICT6_927B_2022-07-08_06-00_009.h264_frame1540.jpg,
87666184,,,,focal_frame_-1,PICT6_927B_2022-07-08_06-00_009.h264_frame1541.jpg,
87666184,,,,focal_frame_0,PICT6_927B_2022-07-08_06-00_009.h264_frame1542.jpg,
87666184,,,,focal_frame_1,PICT6_927B_2022-07-08_06-00_009.h264_frame1543.jpg,
87666184,,,,focal_frame_2,PICT6_927B_2022-07-08_06-00_009.h264_frame1544.jpg,
87666196,,,,focal_frame_-2,PICT6_927B_2022-07-08_06-00_009.h264_frame7673.jpg,
87666196,,,,focal_frame_-1,PICT6_927B_2022-07-08_06-00_009.h264_frame7674.jpg,
87666196,,,,focal_frame_0,PICT6_927B_2022-07-08_06-00_009.h264_frame7675.jpg,
87666196,,,,focal_frame_1,PICT6_927B_2022-07-08_06-00_009.h264_frame7676.jpg,
87666196,,,,focal_frame_2,PICT6_927B_2022-07-08_06-00_009.h264_frame7677.jpg,
87666206,,,,focal_frame_-2,PICT6_927B_2022-07-08_06-00_009.h264_frame3316.jpg,
87666206,,,,focal_frame_-1,PICT6_927B_2022-07-08_06-00_009.h264_frame3317.jpg,
87666206,,,,focal_frame_0,PICT6_927B_2022-07-08_06-00_009.h264_frame3318.jpg,
87666206,,,,focal_frame_1,PICT6_927B_2022-07-08_06-00_009.h264_frame3319.jpg,
87666206,,,,focal_frame_2,PICT6_927B_2022-07-08_06-00_009.h264_frame3320.jpg,
87666246,,,,focal_frame_-2,PICT6_927B_2022-07-08_06-00_009.h264_frame6491.jpg,
87666246,,,,focal_frame_-1,PICT6_927B_2022-07-08_06-00_009.h264_frame6492.jpg,
87666246,,,,focal_frame_0,PICT6_927B_2022-07-08_06-00_009.h264_frame6493.jpg,
87666246,,,,focal_frame_1,PICT6_927B_2022-07-08_06-00_009.h264_frame6494.jpg,
87666246,,,,focal_frame_2,PICT6_927B_2022-07-08_06-00_009.h264_frame6495.jpg,
87666408,,,,focal_frame_-2,PICT6_927B_2022-07-08_06-00_010.h264_frame997.jpg,
87666408,,,,focal_frame_-1,PICT6_927B_2022-07-08_06-00_010.h264_frame998.jpg,
87666408,,,,focal_frame_0,PICT6_927B_2022-07-08_06-00_010.h264_frame999.jpg,
87666408,,,,focal_frame_1,PICT6_927B_2022-07-08_06-00_010.h264_frame1000.jpg,
87666408,,,,focal_frame_2,PICT6_927B_2022-07-08_06-00_010.h264_frame1001.jpg,
87666419,,,,focal_frame_-2,PICT6_927B_2022-07-08_06-00_010.h264_frame2102.jpg,
87666419,,,,focal_frame_-1,PICT6_927B_2022-07-08_06-00_010.h264_frame2103.jpg,
87666419,,,,focal_frame_0,PICT6_927B_2022-07-08_06-00_010.h264_frame2104.jpg,
87666419,,,,focal_frame_1,PICT6_927B_2022-07-08_06-00_010.h264_frame2105.jpg,
87666419,,,,focal_frame_2,PICT6_927B_2022-07-08_06-00_010.h264_frame2106.jpg,
87666431,,,,focal_frame_-2,PICT6_927B_2022-07-08_06-00_010.h264_frame12799.jpg,
87666431,,,,focal_frame_-1,PICT6_927B_2022-07-08_06-00_010.h264_frame12800.jpg,
87666431,,,,focal_frame_0,PICT6_927B_2022-07-08_06-00_010.h264_frame12801.jpg,
87666431,,,,focal_frame_1,PICT6_927B_2022-07-08_06-00_010.h264_frame12802.jpg,
87666431,,,,focal_frame_2,PICT6_927B_2022-07-08_06-00_010.h264_frame12803.jpg,
87666457,,,,focal_frame_-2,PICT6_927B_2022-07-08_06-00_010.h264_frame8006.jpg,
87666457,,,,focal_frame_-1,PICT6_927B_2022-07-08_06-00_010.h264_frame8007.jpg,
87666457,,,,focal_frame_0,PICT6_927B_2022-07-08_06-00_010.h264_frame8008.jpg,
87666457,,,,focal_frame_1,PICT6_927B_2022-07-08_06-00_010.h264_frame8009.jpg,
87666457,,,,focal_frame_2,PICT6_927B_2022-07-08_06-00_010.h264_frame8010.jpg,
87666514,,,,focal_frame_-2,PICT6_927B_2022-07-08_06-00_010.h264_frame8226.jpg,
87666514,,,,focal_frame_-1,PICT6_927B_2022-07-08_06-00_010.h264_frame8227.jpg,
87666514,,,,focal_frame_0,PICT6_927B_2022-07-08_06-00_010.h264_frame8228.jpg,
87666514,,,,focal_frame_1,PICT6_927B_2022-07-08_06-00_010.h264_frame8229.jpg,
87666514,,,,focal_frame_2,PICT6_927B_2022-07-08_06-00_010.h264_frame8230.jpg,
87666582,,,,focal_frame_-2,PICT6_927B_2022-07-08_06-00_010.h264_frame5431.jpg,
87666582,,,,focal_frame_-1,PICT6_927B_2022-07-08_06-00_010.h264_frame5432.jpg,
87666582,,,,focal_frame_0,PICT6_927B_2022-07-08_06-00_010.h264_frame5433.jpg,
87666582,,,,focal_frame_1,PICT6_927B_2022-07-08_06-00_010.h264_frame5434.jpg,
87666582,,,,focal_frame_2,PICT6_927B_2022-07-08_06-00_010.h264_frame5435.jpg,
87666608,,,,focal_frame_-2,PICT6_9545_2022-06-18_11-27_001.h264_frame14370.jpg,
87666608,,,,focal_frame_-1,PICT6_9545_2022-06-18_11-27_001.h264_frame14371.jpg,
87666608,,,,focal_frame_0,PICT6_9545_2022-06-18_11-27_001.h264_frame14372.jpg,
87666608,,,,focal_frame_1,PICT6_9545_2022-06-18_11-27_001.h264_frame14373.jpg,
87666608,,,,focal_frame_2,PICT6_9545_2022-06-18_11-27_001.h264_frame14374.jpg,
87666675,,,,focal_frame_-2,PICT6_9545_2022-06-18_11-27_001.h264_frame5087.jpg,
87666675,,,,focal_frame_-1,PICT6_9545_2022-06-18_11-27_001.h264_frame5088.jpg,
87666675,,,,focal_frame_0,PICT6_9545_2022-06-18_11-27_001.h264_frame5089.jpg,
87666675,,,,focal_frame_1,PICT6_9545_2022-06-18_11-27_001.h264_frame5090.jpg,
87666675,,,,focal_frame_2,PICT6_9545_2022-06-18_11-27_001.h264_frame5091.jpg,
87666717,,,,focal_frame_-2,PICT6_9545_2022-06-18_11-27_001.h264_frame893.jpg,
87666717,,,,focal_frame_-1,PICT6_9545_2022-06-18_11-27_001.h264_frame894.jpg,
87666717,,,,focal_frame_0,PICT6_9545_2022-06-18_11-27_001.h264_frame895.jpg,
87666717,,,,focal_frame_1,PICT6_9545_2022-06-18_11-27_001.h264_frame896.jpg,
87666717,,,,focal_frame_2,PICT6_9545_2022-06-18_11-27_001.h264_frame897.jpg,
87666769,MOTH,1,FLYBYNOCONTACTWITHFLOWER,focal_frame_-2,PICT6_9545_2022-06-18_11-27_001.h264_frame12874.jpg,"[[170.8125, 507.75, 287.8125, 587.75]]"
87666769,MOTH,1,FLYBYNOCONTACTWITHFLOWER,focal_frame_-1,PICT6_9545_2022-06-18_11-27_001.h264_frame12875.jpg,
87666769,MOTH,1,FLYBYNOCONTACTWITHFLOWER,focal_frame_0,PICT6_9545_2022-06-18_11-27_001.h264_frame12876.jpg,
87666769,MOTH,1,FLYBYNOCONTACTWITHFLOWER,focal_frame_1,PICT6_9545_2022-06-18_11-27_001.h264_frame12877.jpg,
87666769,MOTH,1,FLYBYNOCONTACTWITHFLOWER,focal_frame_2,PICT6_9545_2022-06-18_11-27_001.h264_frame12878.jpg,
87666776,,,,focal_frame_-2,PICT6_9545_2022-06-18_11-27_001.h264_frame5962.jpg,
87666776,,,,focal_frame_-1,PICT6_9545_2022-06-18_11-27_001.h264_frame5963.jpg,
87666776,,,,focal_frame_0,PICT6_9545_2022-06-18_11-27_001.h264_frame5964.jpg,
87666776,,,,focal_frame_1,PICT6_9545_2022-06-18_11-27_001.h264_frame5965.jpg,
87666776,,,,focal_frame_2,PICT6_9545_2022-06-18_11-27_001.h264_frame5966.jpg,
87666860,,,,focal_frame_-2,PICT7_E677_2022-07-13_06-00_013.h264_frame10285.jpg,
87666860,,,,focal_frame_-1,PICT7_E677_2022-07-13_06-00_013.h264_frame10286.jpg,
87666860,,,,focal_frame_0,PICT7_E677_2022-07-13_06-00_013.h264_frame10287.jpg,
87666860,,,,focal_frame_1,PICT7_E677_2022-07-13_06-00_013.h264_frame10288.jpg,
87666860,,,,focal_frame_2,PICT7_E677_2022-07-13_06-00_013.h264_frame10289.jpg,
87666886,,,,focal_frame_-2,PICT7_E677_2022-07-13_06-00_013.h264_frame5762.jpg,
87666886,,,,focal_frame_-1,PICT7_E677_2022-07-13_06-00_013.h264_frame5763.jpg,
87666886,,,,focal_frame_0,PICT7_E677_2022-07-13_06-00_013.h264_frame5764.jpg,
87666886,,,,focal_frame_1,PICT7_E677_2022-07-13_06-00_013.h264_frame5765.jpg,
87666886,,,,focal_frame_2,PICT7_E677_2022-07-13_06-00_013.h264_frame5766.jpg,
87666893,,,,focal_frame_-2,PICT7_E677_2022-07-13_06-00_013.h264_frame5918.jpg,
87666893,,,,focal_frame_-1,PICT7_E677_2022-07-13_06-00_013.h264_frame5919.jpg,
87666893,,,,focal_frame_0,PICT7_E677_2022-07-13_06-00_013.h264_frame5920.jpg,
87666893,,,,focal_frame_1,PICT7_E677_2022-07-13_06-00_013.h264_frame5921.jpg,
87666893,,,,focal_frame_2,PICT7_E677_2022-07-13_06-00_013.h264_frame5922.jpg,
87666969,,,,focal_frame_-2,PICT7_E677_2022-07-13_06-00_013.h264_frame5000.jpg,
87666969,,,,focal_frame_-1,PICT7_E677_2022-07-13_06-00_013.h264_frame5001.jpg,
87666969,,,,focal_frame_0,PICT7_E677_2022-07-13_06-00_013.h264_frame5002.jpg,
87666969,,,,focal_frame_1,PICT7_E677_2022-07-13_06-00_013.h264_frame5003.jpg,
87666969,,,,focal_frame_2,PICT7_E677_2022-07-13_06-00_013.h264_frame5004.jpg,
87667039,,,,focal_frame_-2,PICT8_932E_2022-06-17_10-08_003.h264_frame15889.jpg,
87667039,,,,focal_frame_-1,PICT8_932E_2022-06-17_10-08_003.h264_frame15890.jpg,
87667039,,,,focal_frame_0,PICT8_932E_2022-06-17_10-08_003.h264_frame15891.jpg,
87667039,,,,focal_frame_1,PICT8_932E_2022-06-17_10-08_003.h264_frame15892.jpg,
87667039,,,,focal_frame_2,PICT8_932E_2022-06-17_10-08_003.h264_frame15893.jpg,
87667123,,,,focal_frame_-2,PICT8_932E_2022-06-17_10-08_003.h264_frame6650.jpg,
87667123,,,,focal_frame_-1,PICT8_932E_2022-06-17_10-08_003.h264_frame6651.jpg,
87667123,,,,focal_frame_0,PICT8_932E_2022-06-17_10-08_003.h264_frame6652.jpg,
87667123,,,,focal_frame_1,PICT8_932E_2022-06-17_10-08_003.h264_frame6653.jpg,
87667123,,,,focal_frame_2,PICT8_932E_2022-06-17_10-08_003.h264_frame6654.jpg,
87667162,,,,focal_frame_-2,PICT8_932E_2022-06-17_10-08_003.h264_frame12106.jpg,
87667162,,,,focal_frame_-1,PICT8_932E_2022-06-17_10-08_003.h264_frame12107.jpg,
87667162,,,,focal_frame_0,PICT8_932E_2022-06-17_10-08_003.h264_frame12108.jpg,
87667162,,,,focal_frame_1,PICT8_932E_2022-06-17_10-08_003.h264_frame12109.jpg,
87667162,,,,focal_frame_2,PICT8_932E_2022-06-17_10-08_003.h264_frame12110.jpg,
87667164,,,,focal_frame_-2,PICT8_932E_2022-06-17_10-08_003.h264_frame3767.jpg,
87667164,,,,focal_frame_-1,PICT8_932E_2022-06-17_10-08_003.h264_frame3768.jpg,
87667164,,,,focal_frame_0,PICT8_932E_2022-06-17_10-08_003.h264_frame3769.jpg,
87667164,,,,focal_frame_1,PICT8_932E_2022-06-17_10-08_003.h264_frame3770.jpg,
87667164,,,,focal_frame_2,PICT8_932E_2022-06-17_10-08_003.h264_frame3771.jpg,
87667253,,,,focal_frame_-2,PICT8_932E_2022-06-17_10-08_004.h264_frame2131.jpg,
87667253,,,,focal_frame_-1,PICT8_932E_2022-06-17_10-08_004.h264_frame2132.jpg,
87667253,,,,focal_frame_0,PICT8_932E_2022-06-17_10-08_004.h264_frame2133.jpg,
87667253,,,,focal_frame_1,PICT8_932E_2022-06-17_10-08_004.h264_frame2134.jpg,
87667253,,,,focal_frame_2,PICT8_932E_2022-06-17_10-08_004.h264_frame2135.jpg,
87667258,,,,focal_frame_-2,PICT8_932E_2022-06-17_10-08_004.h264_frame3755.jpg,
87667258,,,,focal_frame_-1,PICT8_932E_2022-06-17_10-08_004.h264_frame3756.jpg,
87667258,,,,focal_frame_0,PICT8_932E_2022-06-17_10-08_004.h264_frame3757.jpg,
87667258,,,,focal_frame_1,PICT8_932E_2022-06-17_10-08_004.h264_frame3758.jpg,
87667258,,,,focal_frame_2,PICT8_932E_2022-06-17_10-08_004.h264_frame3759.jpg,
87667342,,,,focal_frame_-2,PICT8_932E_2022-06-17_10-08_004.h264_frame25719.jpg,
87667342,,,,focal_frame_-1,PICT8_932E_2022-06-17_10-08_004.h264_frame25720.jpg,
87667342,,,,focal_frame_0,PICT8_932E_2022-06-17_10-08_004.h264_frame25721.jpg,
87667342,,,,focal_frame_1,PICT8_932E_2022-06-17_10-08_004.h264_frame25722.jpg,
87667342,,,,focal_frame_2,PICT8_932E_2022-06-17_10-08_004.h264_frame25723.jpg,
87667472,,,,focal_frame_-2,PICT9_4830_2022-06-17_15-19_001.h264_frame11851.jpg,
87667472,,,,focal_frame_-1,PICT9_4830_2022-06-17_15-19_001.h264_frame11852.jpg,
87667472,,,,focal_frame_0,PICT9_4830_2022-06-17_15-19_001.h264_frame11853.jpg,
87667472,,,,focal_frame_1,PICT9_4830_2022-06-17_15-19_001.h264_frame11854.jpg,
87667472,,,,focal_frame_2,PICT9_4830_2022-06-17_15-19_001.h264_frame11855.jpg,
87667485,,,,focal_frame_-2,PICT9_4830_2022-06-17_15-19_001.h264_frame17822.jpg,
87667485,,,,focal_frame_-1,PICT9_4830_2022-06-17_15-19_001.h264_frame17823.jpg,
87667485,,,,focal_frame_0,PICT9_4830_2022-06-17_15-19_001.h264_frame17824.jpg,
87667485,,,,focal_frame_1,PICT9_4830_2022-06-17_15-19_001.h264_frame17825.jpg,
87667485,,,,focal_frame_2,PICT9_4830_2022-06-17_15-19_001.h264_frame17826.jpg,
87667494,,,,focal_frame_-2,PICT9_4830_2022-06-17_15-19_001.h264_frame11825.jpg,
87667494,,,,focal_frame_-1,PICT9_4830_2022-06-17_15-19_001.h264_frame11826.jpg,
87667494,,,,focal_frame_0,PICT9_4830_2022-06-17_15-19_001.h264_frame11827.jpg,
87667494,,,,focal_frame_1,PICT9_4830_2022-06-17_15-19_001.h264_frame11828.jpg,
87667494,,,,focal_frame_2,PICT9_4830_2022-06-17_15-19_001.h264_frame11829.jpg,
87667506,HOVERFLYSMALL,1,FEEDINGINTHEFLOWER,focal_frame_-2,PICT9_4830_2022-06-17_15-19_001.h264_frame15754.jpg,"[[318.2085266113281, 118.60542297363281, 347.7330322265625, 148.7204132080078]]"
87667506,HOVERFLYSMALL,1,FEEDINGINTHEFLOWER,focal_frame_-1,PICT9_4830_2022-06-17_15-19_001.h264_frame15755.jpg,
87667506,HOVERFLYSMALL,1,FEEDINGINTHEFLOWER,focal_frame_0,PICT9_4830_2022-06-17_15-19_001.h264_frame15756.jpg,
87667506,HOVERFLYSMALL,1,FEEDINGINTHEFLOWER,focal_frame_1,PICT9_4830_2022-06-17_15-19_001.h264_frame15757.jpg,
87667506,HOVERFLYSMALL,1,FEEDINGINTHEFLOWER,focal_frame_2,PICT9_4830_2022-06-17_15-19_001.h264_frame15758.jpg,
87667565,,,,focal_frame_-2,PICT9_4830_2022-06-17_15-19_001.h264_frame276.jpg,
87667565,,,,focal_frame_-1,PICT9_4830_2022-06-17_15-19_001.h264_frame277.jpg,
87667565,,,,focal_frame_0,PICT9_4830_2022-06-17_15-19_001.h264_frame278.jpg,
87667565,,,,focal_frame_1,PICT9_4830_2022-06-17_15-19_001.h264_frame279.jpg,
87667565,,,,focal_frame_2,PICT9_4830_2022-06-17_15-19_001.h264_frame280.jpg,
87667592,,,,focal_frame_-2,PICT9_4830_2022-06-17_15-19_001.h264_frame87.jpg,
87667592,,,,focal_frame_-1,PICT9_4830_2022-06-17_15-19_001.h264_frame88.jpg,
87667592,,,,focal_frame_0,PICT9_4830_2022-06-17_15-19_001.h264_frame89.jpg,
87667592,,,,focal_frame_1,PICT9_4830_2022-06-17_15-19_001.h264_frame90.jpg,
87667592,,,,focal_frame_2,PICT9_4830_2022-06-17_15-19_001.h264_frame91.jpg,
87667708,,,,focal_frame_-2,PICT9_4830_2022-06-17_15-19_002.h264_frame12303.jpg,
87667708,,,,focal_frame_-1,PICT9_4830_2022-06-17_15-19_002.h264_frame12304.jpg,
87667708,,,,focal_frame_0,PICT9_4830_2022-06-17_15-19_002.h264_frame12305.jpg,
87667708,,,,focal_frame_1,PICT9_4830_2022-06-17_15-19_002.h264_frame12306.jpg,
87667708,,,,focal_frame_2,PICT9_4830_2022-06-17_15-19_002.h264_frame12307.jpg,
87667743,,,,focal_frame_-2,PICT9_4830_2022-06-17_15-19_002.h264_frame12095.jpg,
87667743,,,,focal_frame_-1,PICT9_4830_2022-06-17_15-19_002.h264_frame12096.jpg,
87667743,,,,focal_frame_0,PICT9_4830_2022-06-17_15-19_002.h264_frame12097.jpg,
87667743,,,,focal_frame_1,PICT9_4830_2022-06-17_15-19_002.h264_frame12098.jpg,
87667743,,,,focal_frame_2,PICT9_4830_2022-06-17_15-19_002.h264_frame12099.jpg,
87667850,,,,focal_frame_-2,PICY1_A328_2022-07-08_06-00_012.h264_frame3848.jpg,
87667850,,,,focal_frame_-1,PICY1_A328_2022-07-08_06-00_012.h264_frame3849.jpg,
87667850,,,,focal_frame_0,PICY1_A328_2022-07-08_06-00_012.h264_frame3850.jpg,
87667850,,,,focal_frame_1,PICY1_A328_2022-07-08_06-00_012.h264_frame3851.jpg,
87667850,,,,focal_frame_2,PICY1_A328_2022-07-08_06-00_012.h264_frame3852.jpg,
87668019,,,,focal_frame_-2,PICY1_A328_2022-07-08_06-00_012.h264_frame12207.jpg,
87668019,,,,focal_frame_-1,PICY1_A328_2022-07-08_06-00_012.h264_frame12208.jpg,
87668019,,,,focal_frame_0,PICY1_A328_2022-07-08_06-00_012.h264_frame12209.jpg,
87668019,,,,focal_frame_1,PICY1_A328_2022-07-08_06-00_012.h264_frame12210.jpg,
87668019,,,,focal_frame_2,PICY1_A328_2022-07-08_06-00_012.h264_frame12211.jpg,
87668020,,,,focal_frame_-2,PICY1_A328_2022-07-08_06-00_012.h264_frame17872.jpg,
87668020,,,,focal_frame_-1,PICY1_A328_2022-07-08_06-00_012.h264_frame17873.jpg,
87668020,,,,focal_frame_0,PICY1_A328_2022-07-08_06-00_012.h264_frame17874.jpg,
87668020,,,,focal_frame_1,PICY1_A328_2022-07-08_06-00_012.h264_frame17875.jpg,
87668020,,,,focal_frame_2,PICY1_A328_2022-07-08_06-00_012.h264_frame17876.jpg,
87695173,OTHERORNONPOLLINATOR,,,focal_frame_-2,PICT5_5C15_2022-06-20_10-11_002.h264_frame6249.jpg,"[[378.8922119140625, 421.7596740722656, 473.594970703125, 487.1907043457031]]"
87695173,OTHERORNONPOLLINATOR,,,focal_frame_-1,PICT5_5C15_2022-06-20_10-11_002.h264_frame6250.jpg,
87695173,OTHERORNONPOLLINATOR,,,focal_frame_0,PICT5_5C15_2022-06-20_10-11_002.h264_frame6251.jpg,
87695173,OTHERORNONPOLLINATOR,,,focal_frame_1,PICT5_5C15_2022-06-20_10-11_002.h264_frame6252.jpg,
87695173,OTHERORNONPOLLINATOR,,,focal_frame_2,PICT5_5C15_2022-06-20_10-11_002.h264_frame6253.jpg,
87695234,,,,focal_frame_-2,PICT5_5C15_2022-06-20_10-11_002.h264_frame291.jpg,
87695234,,,,focal_frame_-1,PICT5_5C15_2022-06-20_10-11_002.h264_frame292.jpg,
87695234,,,,focal_frame_0,PICT5_5C15_2022-06-20_10-11_002.h264_frame293.jpg,
87695234,,,,focal_frame_1,PICT5_5C15_2022-06-20_10-11_002.h264_frame294.jpg,
87695234,,,,focal_frame_2,PICT5_5C15_2022-06-20_10-11_002.h264_frame295.jpg,
87695242,,,,focal_frame_-2,PICT5_5C15_2022-06-20_10-11_002.h264_frame5940.jpg,
87695242,,,,focal_frame_-1,PICT5_5C15_2022-06-20_10-11_002.h264_frame5941.jpg,
87695242,,,,focal_frame_0,PICT5_5C15_2022-06-20_10-11_002.h264_frame5942.jpg,
87695242,,,,focal_frame_1,PICT5_5C15_2022-06-20_10-11_002.h264_frame5943.jpg,
87695242,,,,focal_frame_2,PICT5_5C15_2022-06-20_10-11_002.h264_frame5944.jpg,
87695344,,,,focal_frame_-2,PICT10_32AD_2022-07-08_06-00_014.h264_frame5429.jpg,
87695344,,,,focal_frame_-1,PICT10_32AD_2022-07-08_06-00_014.h264_frame5430.jpg,
87695344,,,,focal_frame_0,PICT10_32AD_2022-07-08_06-00_014.h264_frame5431.jpg,
87695344,,,,focal_frame_1,PICT10_32AD_2022-07-08_06-00_014.h264_frame5432.jpg,
87695344,,,,focal_frame_2,PICT10_32AD_2022-07-08_06-00_014.h264_frame5433.jpg,
87695409,,,,focal_frame_-2,PICT10_32AD_2022-07-08_06-00_014.h264_frame13471.jpg,
87695409,,,,focal_frame_-1,PICT10_32AD_2022-07-08_06-00_014.h264_frame13472.jpg,
87695409,,,,focal_frame_0,PICT10_32AD_2022-07-08_06-00_014.h264_frame13473.jpg,
87695409,,,,focal_frame_1,PICT10_32AD_2022-07-08_06-00_014.h264_frame13474.jpg,
87695409,,,,focal_frame_2,PICT10_32AD_2022-07-08_06-00_014.h264_frame13475.jpg,
87695446,BUTTERFLY,1,FEEDINGINTHEFLOWER,focal_frame_-2,PICT10_32AD_2022-07-08_06-00_014.h264_frame6294.jpg,
87695446,BUTTERFLY,1,FEEDINGINTHEFLOWER,focal_frame_-1,PICT10_32AD_2022-07-08_06-00_014.h264_frame6295.jpg,"[[59.758270263671875, 0.958048403263092, 170.8918914794922, 66.10533905029297]]"
87695446,BUTTERFLY,1,FEEDINGINTHEFLOWER,focal_frame_0,PICT10_32AD_2022-07-08_06-00_014.h264_frame6296.jpg,
87695446,BUTTERFLY,1,FEEDINGINTHEFLOWER,focal_frame_1,PICT10_32AD_2022-07-08_06-00_014.h264_frame6297.jpg,
87695446,BUTTERFLY,1,FEEDINGINTHEFLOWER,focal_frame_2,PICT10_32AD_2022-07-08_06-00_014.h264_frame6298.jpg,
87695525,,,,focal_frame_-2,PICT10_32AD_2022-07-08_06-00_014.h264_frame10297.jpg,
87695525,,,,focal_frame_-1,PICT10_32AD_2022-07-08_06-00_014.h264_frame10298.jpg,
87695525,,,,focal_frame_0,PICT10_32AD_2022-07-08_06-00_014.h264_frame10299.jpg,
87695525,,,,focal_frame_1,PICT10_32AD_2022-07-08_06-00_014.h264_frame10300.jpg,
87695525,,,,focal_frame_2,PICT10_32AD_2022-07-08_06-00_014.h264_frame10301.jpg,
